{
  "name": "generateJWT",
  "version": "0.0.1",
  "title": "Generate JWT",
  "author": "DET",
  "type": "flogo:activity",
   
  "display": {
     "category": "JWT",
     "visible": true,
     "smallIcon": "",
     "largeIcon": "",
     "description": "Activity to Generate JSON Web Token"
  },

  "ref": "https://github.com/Pradhany/flogo-extensions",
  "inputs":[
    {
      "name": "payload",
      "type": "string"
    },
    {
      "name": "secret",
      "type": "string"
    },
    {
      "name": "algorithm",
      "type": "string"
    }
  ],
  "outputs": [
    {
      "name": "token",
      "type": "string"
    },
    {
      "name": "valid",
      "type": "boolean"
    },
    {
      "name": "claims",
      "type": "string"
    }
  ]
}
